hubert6194,1ae76006-6711-4e06-9e89-a7e9a547fbfd
bowmaster_7,09906eb9-3bd7-461e-9aff-854e2d4b7835
simplytb,3d711fae-64a0-41d0-a938-de4f880f4bd0
blasttrooper55,b1412f5f-1fd5-4bd5-8969-a350f15f2c32
immaproshooter,fdb31302-defe-4a92-b60e-bedcf729e5aa
zephyrbot,f06e2a56-f278-420d-8836-0f62847b956a
_pandagamerftw_,c68ab8f3-1a2e-4f01-9686-c18063570892
phadingfuzzy,4150cd4b-a415-4298-bdc7-c9e330b466cc
ben68880147,78264d8b-ee36-4ea9-98c6-647d337aee40
luigi_138,da59ddb8-d4cf-42fa-a787-b311376a1a11
dragon2934,5f4a6885-835e-4444-9949-0f5e26585363
imine03,0f9d4172-c235-4bd2-9897-490c4a93ddfe
mar100,5b42ffe1-9054-4d5a-8a2e-8d0c79bfbc47
itzgavinj,f850edc1-47c7-4304-86d5-6d7925823832
king_cheesecake,28e15982-ce11-4e8d-acbf-de958f9b0c98
bryantandpat,7961a874-c35f-4f34-a0d1-37205c235291
johnprodman,4150cd4b-a415-4298-bdc7-c9e330b466cc
badmaner,d0393654-9897-4501-8417-24c9eb6a9333
bryanloera1990,8f98d92d-9df3-48a9-ba16-f740f3a8384f
camdog_447,1b4873bc-5938-46a6-b588-0968e244f24d
jordan501anime,11ae6a58-e679-400a-a7d0-ede83ab00418
therealcolmagi,c98c1615-0764-41e1-848d-73152bfabe94
thecreepingowl,034443c4-9e37-4fb4-acd1-e0b5bcbbeca8
olli_kop,26666a91-29a2-487f-bda5-16d4919282a0
nomguy76,b82d0899-0316-4a60-b46e-4bd94a047d00
lauralindberg,544241b6-a3c3-4321-b599-011130693359
johnsface101,3dcf4acc-8a65-4c50-ba5f-54ab301b5a4f
mrmapl3syrup,b3f11e18-ff16-45fe-85b7-bb69e73fb17c
optivat_yt,061f9ad6-a6fb-45da-8990-73890f965939
betterbacon,587d0daa-1557-408a-b721-6a28b691a838
watermelonman53,26666a91-29a2-487f-bda5-16d4919282a0
blazeuniverse,6f1701d0-54aa-4c23-b208-c9bb6c2e22bc
kayotik,d313f33e-381f-4af9-959a-926fbe43fe6a
tophatgangster,b21e6367-42ac-4156-a85d-5a2ffde6d97a
dragonstargaming,6ff7f947-8be9-4835-9512-0f81dd75f2ae
wendadonplayz_yt,cb30c930-c6c8-450f-a5fe-80d4cc292106
thebluegamer0,654713d4-034f-41ff-acad-c3b9ced485de
sethgaley,8718b9da-4698-4501-850e-4313fff93d4e
ddosdoxos,701759d3-d835-408f-9b08-efce9140d69d
who,f6591220-1b72-4c34-af36-6bae126bd825
